Afghanistan,Herat
Afghanistan,Kabul
Afghanistan,Kandahar
Afghanistan,Zabul
Albania,Qarku i Beratit
Albania,Qarku i Dibres
Albania,Qarku i Durresit
Albania,Qarku i Elbasanit
Albania,Qarku i Fierit
Albania,Qarku i Gjirokastres
Albania,Qarku i Korces
Albania,Qarku i Lezhes
Albania,Qarku i Shkodres
Albania,Qarku i Tiranes
Albania,Qarku i Vlores
American Samoa,Eastern District
Andorra,Andorra la Vella
Andorra,Canillo
Andorra,Encamp
Andorra,Escaldes-Engordany
Andorra,La Massana
Andorra,Ordino
Andorra,Sant Juli‡ de Loria
Angola,Bengo Province
Angola,Benguela
Angola,BÌe
Angola,Cabinda
Angola,Cuando Cobango
Angola,Cuanza Norte Province
Angola,Cunene Province
Angola,Huambo
Angola,Luanda Norte
Angola,Luanda Province
Angola,Lunda Sul
Angola,Malanje Province
Angola,Moxico
Angola,Namibe Province
Angola,UÌge
Antigua and Barbuda,Barbuda
Antigua and Barbuda,Parish of Saint George
Antigua and Barbuda,Parish of Saint John
Antigua and Barbuda,Parish of Saint Mary
Antigua and Barbuda,Parish of Saint Paul
Antigua and Barbuda,Parish of Saint Peter
Antigua and Barbuda,Parish of Saint Philip
Antigua and Barbuda,Redonda
Argentina,Buenos Aires
Argentina,Buenos Aires F.D.
Argentina,Catamarca
Argentina,Chaco
Argentina,Chubut
Argentina,Cordoba
Argentina,Corrientes
Argentina,Entre Rios
Argentina,Formosa
Argentina,Jujuy
Argentina,La Pampa
Argentina,La Rioja
Argentina,Mendoza
Argentina,Misiones
Argentina,Neuquen
Argentina,Rio Negro
Argentina,Salta
Argentina,San Juan
Argentina,San Luis
Argentina,Santa Cruz
Argentina,Santa Fe
Argentina,Santiago del Estero
Argentina,Tierra del Fuego
Argentina,Tucuman
Armenia,Aragatsotn
Armenia,Ararat
Armenia,Armavir
Armenia,Gegharkunik
Armenia,Kotayk
Armenia,Lori
Armenia,Shirak
Armenia,Syunik
Armenia,Tavush
Armenia,Yerevan
Australia,Australian Capital Territory
Australia,New South Wales
Australia,Northern Territory
Australia,Queensland
Australia,South Australia
Australia,Tasmania
Australia,Victoria
Australia,Western Australia
Austria,Burgenland
Austria,Carinthia
Austria,Lower Austria
Austria,Salzburg
Austria,Styria
Austria,Tyrol
Austria,Upper Austria
Austria,Vienna
Austria,Vorarlberg
Azerbaijan,Absheron Rayon
Azerbaijan,Baku City
Azerbaijan,Imishli Rayon
Azerbaijan,Nakhichevan
Azerbaijan,Qusar Rayon
Azerbaijan,Salyan Rayon
Azerbaijan,Shaki City
Azerbaijan,Sumqayit City
Azerbaijan,Zaqatala Rayon
Bahamas,Bimini
Bahamas,Central Abaco District
Bahamas,City of Freeport District
Bahamas,Harbour Island
Bahamas,New Providence District
Bahamas,North Andros District
Bahrain,Central Governorate
Bahrain,Manama
Bahrain,Muharraq
Bahrain,Northern
Bahrain,Southern Governorate
Bangladesh,Barisal Division
Bangladesh,Chittagong
Bangladesh,Dhaka Division
Bangladesh,Khulna Division
Bangladesh,Mymensingh Division
Bangladesh,Rajshahi Division
Bangladesh,Rangpur Division
Bangladesh,Sylhet Division
Barbados,Christ Church
Barbados,Saint Andrew
Barbados,Saint George
Barbados,Saint James
Barbados,Saint Lucy
Barbados,Saint Michael
Barbados,Saint Philip
Barbados,Saint Thomas
Belarus,Brest
Belarus,Gomel
Belarus,Grodnenskaya
Belarus,Minsk
Belarus,Mogilev
Belarus,Vitebsk
Belgium,Brussels Capital
Belgium,Flanders
Belgium,Wallonia
Belize,Belize District
Belize,Cayo District
Belize,Corozal District
Belize,Orange Walk District
Belize,Stann Creek District
Benin,Atlantique Department
Benin,Littoral
Benin,OuÈmÈ
Bermuda,Hamilton city
Bermuda,Saint George
Bermuda,Sandys Parish
Bhutan,Chukha
Bhutan,Mongar
Bhutan,Thimphu Dzongkhag
Bolivia,El Beni
Bolivia,Departamento de Chuquisaca
Bolivia,Departamento de Cochabamba
Bolivia,Departamento de La Paz
Bolivia,Departamento de Pando
Bolivia,Departamento de Potosi
Bolivia,Departamento de Santa Cruz
Bolivia,Departamento de Tarija
Bolivia,Oruro
Bosnia and Herzegovina,Br?ko
Bosnia and Herzegovina,Federation of B&H
Bosnia and Herzegovina,Srspka
Botswana,Central District
Botswana,Kweneng District
Botswana,North-East
Botswana,North-West
Botswana,South-East
Brazil,Acre
Brazil,Alagoas
Brazil,Amapa
Brazil,Amazonas
Brazil,Bahia
Brazil,Ceara
Brazil,Espirito Santo
Brazil,Federal District
Brazil,Goias
Brazil,Maranhao
Brazil,Mato Grosso
Brazil,Mato Grosso do Sul
Brazil,Minas Gerais
Brazil,Para
Brazil,ParaÌba
Brazil,Parana
Brazil,Pernambuco
Brazil,Piaui
Brazil,Rio de Janeiro
Brazil,Rio Grande do Norte
Brazil,Rio Grande do Sul
Brazil,Rondonia
Brazil,Roraima
Brazil,Santa Catarina
Brazil,Sao Paulo
Brazil,Sergipe
Brazil,Tocantins
Brunei,Belait District
Brunei,Brunei and Muara District
Brunei,Temburong District
Brunei,Tutong District
Bulgaria,Blagoevgrad
Bulgaria,Burgas
Bulgaria,Gabrovo
Bulgaria,Haskovo
Bulgaria,Lovech
Bulgaria,Oblast Dobrich
Bulgaria,Oblast Kardzhali
Bulgaria,Oblast Kyustendil
Bulgaria,Oblast Montana
Bulgaria,Oblast Pleven
Bulgaria,Oblast Razgrad
Bulgaria,Oblast Ruse
Bulgaria,Oblast Shumen
Bulgaria,Oblast Silistra
Bulgaria,Oblast Sliven
Bulgaria,Oblast Smolyan
Bulgaria,Oblast Stara Zagora
Bulgaria,Oblast Targovishte
Bulgaria,Oblast Veliko Tarnovo
Bulgaria,Oblast Vidin
Bulgaria,Oblast Vratsa
Bulgaria,Oblast Yambol
Bulgaria,Pazardzhik
Bulgaria,Pernik
Bulgaria,Plovdiv
Bulgaria,Sofia
Bulgaria,Sofia-Capital
Bulgaria,Varna
Burkina Faso,Cascades Region
Burkina Faso,Centre
Burkina Faso,Hauts-Bassins
Burundi,Bujumbura Mairie Province
Cambodia,Banteay Meanchey
Cambodia,Kandal
Cambodia,Phnom Penh
Cambodia,Preah Sihanouk
Cameroon,Adamaoua Region
Cameroon,Centre
Cameroon,Far North Region
Cameroon,Littoral
Cameroon,North Region
Cameroon,North-West Region
Cameroon,South
Cameroon,South-West Region
Cameroon,West Region
Canada,Alberta
Canada,British Columbia
Canada,Manitoba
Canada,New Brunswick
Canada,Newfoundland and Labrador
Canada,Northwest Territories
Canada,Nova Scotia
Canada,Nunavut
Canada,Ontario
Canada,Prince Edward Island
Canada,Quebec
Canada,Saskatchewan
Canada,Yukon
Cape Verde,Praia
Cape Verde,Ribeira Grande
Cape Verde,Ribeira Grande de Santiago
Cape Verde,So Vicente
Central African Republic,Bangui
Central African Republic,Mbomou
Chad,Chari-Baguirmi Region
Chad,Hadjer-Lamis
Chad,Logone Occidental Region
Chad,OuadaÔ
Chile,Antofagasta
Chile,Atacama
Chile,Aysen
Chile,Coquimbo
Chile,Maule
Chile,Los Lagos
Chile,Region de Arica y Parinacota
Chile,Region de la Araucania
Chile,Region de Los Rios
Chile,Region de Magallanes y de la Antartica Chilena
Chile,Region de Valparaiso
Chile,Region del Biobio
Chile,Region del Libertador General Bernardo O'Higgins
Chile,Santiago Metropolitan
Chile,Tarapac·
China,Anhui
China,Beijing
China,Chongqing
China,Fujian
China,Gansu
China,Guangdong
China,Guangxi
China,Guizhou
China,Hainan
China,Hebei
China,Heilongjiang
China,Henan
China,Hubei
China,Hunan
China,Inner Mongolia Autonomous Region
China,Jiangsu
China,Jiangxi
China,Jilin
China,Liaoning
China,Ningsia Hui Autonomous Region
China,Qinghai
China,Shaanxi
China,Shandong
China,Shanghai
China,Shanxi
China,Sichuan
China,Tianjin
China,Tibet
China,Xinjiang
China,Yunnan
China,Zhejiang
Colombia,Amazonas
Colombia,Antioquia
Colombia,Atl·ntico
Colombia,Bogota D.C.
Colombia,Cundinamarca
Colombia,Departamento de Bolivar
Colombia,Departamento de Boyaca
Colombia,Departamento de Caldas
Colombia,Departamento de Casanare
Colombia,Departamento de Cordoba
Colombia,Departamento de La Guajira
Colombia,Departamento de Narino
Colombia,Departamento de Norte de Santander
Colombia,Departamento de Risaralda
Colombia,Departamento de Santander
Colombia,Departamento de Sucre
Colombia,Departamento de Tolima
Colombia,Departamento del Caqueta
Colombia,Departamento del Cauca
Colombia,Departamento del Cesar
Colombia,Departamento del Choco
Colombia,Departamento del Guainia
Colombia,Departamento del Guaviare
Colombia,Departamento del Huila
Colombia,Departamento del Magdalena
Colombia,Departamento del Meta
Colombia,Departamento del Valle del Cauca
Colombia,Departamento del Vichada
Colombia,Quindio Department
Colombia,San Andres y Providencia
Comoros,Grande Comore
Comoros,Ndzuwani
Congo,Bas-Congo
Congo,Kinshasa City
Congo,Nord Kivu
Congo,Province du Haut-Katanga
Congo,South Kivu Province
Costa Rica,Provincia de Alajuela
Costa Rica,Provincia de Cartago
Costa Rica,Provincia de Guanacaste
Costa Rica,Provincia de Heredia
Costa Rica,Provincia de Limon
Costa Rica,Provincia de Puntarenas
Costa Rica,Provincia de San Jose
Croatia,Bjelovarsko-Bilogorska Zupanija
Croatia,City of Zagreb
Croatia,Dubrovacko-Neretvanska Zupanija
Croatia,Istarska Zupanija
Croatia,Karlovacka Zupanija
Croatia,Koprivnicko-Krizevacka Zupanija
Croatia,Krapinsko-Zagorska Zupanija
Croatia,Licko-Senjska Zupanija
Croatia,Megimurska Zupanija
Croatia,Osjecko-Baranjska Zupanija
Croatia,Pozesko-Slavonska Zupanija
Croatia,Primorsko-Goranska Zupanija
Croatia,Sibensko-Kninska Zupanija
Croatia,Sisacko-Moslavacka Zupanija
Croatia,Slavonski Brod-Posavina
Croatia,Splitsko-Dalmatinska Zupanija
Croatia,Varazdinska Zupanija
Croatia,Viroviticko-Podravska Zupanija
Croatia,Vukovar-Sirmium
Croatia,Zadarska Zupanija
Croatia,Zagreb County
Cuba,La Habana
Cuba,Provincia de Camagueey
Cuba,Provincia de Ciego de Avila
Cuba,Provincia de Holguin
Cuba,Provincia de Matanzas
Cuba,Provincia de Pinar del Rio
Cuba,Provincia de Villa Clara
Cyprus,Ammochostos
Cyprus,Keryneia
Cyprus,Larnaka
Cyprus,Limassol
Cyprus,Nicosia
Cyprus,Pafos
Czechia,Central Bohemia
Czechia,Hlavni mesto Praha
Czechia,Jihocesky kraj
Czechia,Karlovarsky kraj
Czechia,Kraj Vysocina
Czechia,Kralovehradecky kraj
Czechia,Liberecky kraj
Czechia,Moravskoslezsky kraj
Czechia,Olomoucky kraj
Czechia,Pardubicky kraj
Czechia,Plzensky kraj
Czechia,South Moravian
Czechia,Ustecky kraj
Czechia,ZlÌn
Denmark,Capital Region
Denmark,Central Jutland
Denmark,North Denmark
Denmark,South Denmark
Denmark,Zealand
Djibouti,Djibouti
Dominica,Saint Andrew
Dominica,Saint George
Dominica,Saint John
Dominica,Saint Patrick
Dominican Republic,Nacional
Dominican Republic,Provincia de Azua
Dominican Republic,Provincia de Barahona
Dominican Republic,Provincia de El Seibo
Dominican Republic,Provincia de Hato Mayor
Dominican Republic,Provincia de Hermanas Mirabal
Dominican Republic,Provincia de Independencia
Dominican Republic,Provincia de La Altagracia
Dominican Republic,Provincia de La Romana
Dominican Republic,Provincia de La Vega
Dominican Republic,Provincia de Monsenor Nouel
Dominican Republic,Provincia de Monte Cristi
Dominican Republic,Provincia de Monte Plata
Dominican Republic,Provincia de Pedernales
Dominican Republic,Provincia de Peravia
Dominican Republic,Provincia de San Cristobal
Dominican Republic,Provincia de San Jose de Ocoa
Dominican Republic,Provincia de San Juan
Dominican Republic,Provincia de San Pedro de Macoris
Dominican Republic,Provincia de Santiago
Dominican Republic,Provincia de Santiago Rodriguez
Dominican Republic,Provincia de Santo Domingo
Dominican Republic,Provincia de Valverde
Dominican Republic,Provincia Duarte
Dominican Republic,Provincia Espaillat
Dominican Republic,Provincia Maria Trinidad Sanchez
Dominican Republic,Provincia Sanchez Ramirez
Dominican Republic,Puerto Plata
East Timor,Dili
Ecuador,Provincia de Bolivar
Ecuador,Provincia de Cotopaxi
Ecuador,Provincia de El Oro
Ecuador,Provincia de Esmeraldas
Ecuador,Provincia de Francisco de Orellana
Ecuador,Provincia de Galapagos
Ecuador,Provincia de Imbabura
Ecuador,Provincia de Los Rios
Ecuador,Provincia de Manabi
Ecuador,Provincia de Morona-Santiago
Ecuador,Provincia de Napo
Ecuador,Provincia de Pichincha
Ecuador,Provincia de Santa Elena
Ecuador,Provincia de Santo Domingo de los Tsachilas
Ecuador,Provincia de Sucumbios
Ecuador,Provincia de Zamora-Chinchipe
Ecuador,Provincia del Azuay
Ecuador,Provincia del Canar
Ecuador,Provincia del Carchi
Ecuador,Provincia del Chimborazo
Ecuador,Provincia del Guayas
Ecuador,Provincia del Pastaza
Ecuador,Provincia del Tungurahua
Egypt,Alexandria
Egypt,Aswan
Egypt,Asyut
Egypt,Beheira
Egypt,Beni Suweif
Egypt,Cairo Governorate
Egypt,Dakahlia
Egypt,Damietta Governorate
Egypt,Faiyum
Egypt,Gharbia
Egypt,Giza
Egypt,Ismailia Governorate
Egypt,Kafr el-Sheikh
Egypt,Luxor
Egypt,Minya
Egypt,Monufia
Egypt,North Sinai
Egypt,Port Said
Egypt,Qalyubia
Egypt,Qena
Egypt,Red Sea
Egypt,Sharqia
Egypt,Sohag
Egypt,Suez
El Salvador,Departamento de Ahuachapan
El Salvador,Departamento de Cabanas
El Salvador,Departamento de Chalatenango
El Salvador,Departamento de Cuscatlan
El Salvador,Departamento de La Libertad
El Salvador,Departamento de La Paz
El Salvador,Departamento de La Union
El Salvador,Departamento de Morazan
El Salvador,Departamento de San Miguel
El Salvador,Departamento de San Salvador
El Salvador,Departamento de San Vicente
El Salvador,Departamento de Santa Ana
El Salvador,Departamento de Sonsonate
El Salvador,Departamento de Usulutan
Equatorial Guinea,Bioko Norte
Equatorial Guinea,Litoral
Equatorial Guinea,Wele-Nzas
Eritrea,Maekel Region
Estonia,Harjumaa
Estonia,Hiiumaa
Estonia,Ida-Virumaa
Estonia,J‰rvamaa
Estonia,Jıgevamaa
Estonia,L‰‰ne
Estonia,L‰‰ne-Virumaa
Estonia,P‰rnumaa
Estonia,Pılvamaa
Estonia,Raplamaa
Estonia,Saare
Estonia,Tartu
Estonia,Valgamaa
Estonia,Viljandimaa
Estonia,Vırumaa
Ethiopia,Addis Ababa
Ethiopia,Afar Region
Ethiopia,Amhara
Ethiopia,B?nshangul Gumuz
Ethiopia,Dire Dawa
Ethiopia,Gambela
Ethiopia,Harari Region
Ethiopia,Oromiya
Ethiopia,Somali
Ethiopia,Southern Nations
Ethiopia,Tigray
Federated States of Micronesia,State of Yap
Fiji,Central
Fiji,Western
Finland,Central Finland
Finland,Central Ostrobothnia
Finland,Eastern Finland
Finland,Haeme
Finland,Kainuu
Finland,Kymenlaakso
Finland,Lapland
Finland,Lapponia
Finland,North Karelia
Finland,Northern Ostrobothnia
Finland,Northern Savo
Finland,Ostrobothnia
Finland,P‰ij‰nne Tavastia
Finland,Satakunta
Finland,South Karelia
Finland,Southern Savonia
Finland,Southwest Finland
France,Alsace
France,Aquitaine
France,Auvergne
France,Auvergne-Rhone-Alpes
France,Bourgogne
France,Bourgogne-Franche-Comte
France,Brittany
France,Centre
France,Champagne-Ardenne
France,Corsica
France,Franche-ComtÈ
France,Grand-Est
France,Haute-Normandie
France,Hauts-de-France
France,Œle-de-France
France,Languedoc-Roussillon
France,Limousin
France,Lorraine
France,Lower Normandy
France,Midi-PyrÈnÈes
France,Nord-Pas-de-Calais
France,Normandy
France,Nouvelle-Aquitaine
France,Occitanie
France,Pays de la Loire
France,Picardie
France,Poitou-Charentes
France,Provence-Alpes-CÙte d'Azur
France,RhÙne-Alpes
French Polynesia,Iles du Vent
French Polynesia,Iles Marquises
French Polynesia,Leeward Islands
Gabon,Estuaire
Gabon,Haut-OgoouÈ
Gabon,Moyen-OgoouÈ
Gabon,OgoouÈ-Lolo
Gabon,OgoouÈ-Maritime
Gambia,Banjul
Georgia,Abkhazia
Georgia,Ajaria
Georgia,Guria
Georgia,Imereti
Georgia,Kakheti
Georgia,K'alak'i T'bilisi
Georgia,Mtskheta-Mtianeti
Georgia,Racha-Lechkhumi and Kvemo Svaneti
Georgia,Samegrelo and Zemo Svaneti
Georgia,Shida Kartli
Germany,Baden-W¸rttemberg Region
Germany,Bavaria
Germany,Brandenburg
Germany,Bremen
Germany,Hamburg
Germany,Hesse
Germany,Land Berlin
Germany,Lower Saxony
Germany,Mecklenburg-Vorpommern
Germany,North Rhine-Westphalia
Germany,Rheinland-Pfalz
Germany,Saarland
Germany,Saxony
Germany,Saxony-Anhalt
Germany,Schleswig-Holstein
Germany,Thuringia
Ghana,Ashanti Region
Ghana,Brong-Ahafo
Ghana,Central Region
Ghana,Eastern Region
Ghana,Greater Accra Region
Ghana,Upper East Region
Ghana,Upper West Region
Ghana,Volta Region
Ghana,Western Region
Greece,Attica
Greece,Central Greece
Greece,Central Macedonia
Greece,Crete
Greece,East Macedonia and Thrace
Greece,Epirus
Greece,Ionian Islands
Greece,North Aegean
Greece,Peloponnese
Greece,South Aegean
Greece,Thessaly
Greece,West Greece
Greece,West Macedonia
Greenland,Kujalleq
Greenland,Qaasuitsup
Greenland,Qeqqata
Greenland,Sermersooq
Grenada,Saint Andrew
Grenada,Saint David
Grenada,Saint George
Grenada,Saint Mark
Guatemala,Departamento de Alta Verapaz
Guatemala,Departamento de Chimaltenango
Guatemala,Departamento de Chiquimula
Guatemala,Departamento de El Progreso
Guatemala,Departamento de Escuintla
Guatemala,Departamento de Guatemala
Guatemala,Departamento de Huehuetenango
Guatemala,Departamento de Jalapa
Guatemala,Departamento de Jutiapa
Guatemala,Departamento de Quetzaltenango
Guatemala,Departamento de Retalhuleu
Guatemala,Departamento de Sacatepequez
Guatemala,Departamento de San Marcos
Guatemala,Departamento de Santa Rosa
Guatemala,Departamento de Solola
Guatemala,Departamento de Zacapa
Guatemala,Departamento del Quiche
Guatemala,Suchitepeque
Guinea-Bissau,Bissau
Guinea-Bissau,Bolama and Bijagos
Guinea-Bissau,Cacheu Region
Guinea,Boke Region
Guinea,Conakry Region
Guinea,Faranah
Guinea,Kankan Region
Guinea,Kindia
Guinea,Labe Region
Guinea,Nzerekore Region
Guinea,Mamou Region
Guyana,Demerara-Mahaica Region
Guyana,Upper Demerara-Berbice Region
Haiti,Departement de l'Artibonite
Haiti,Departement de l'Ouest
Haiti,Nord
Haiti,Sud
Haiti,Sud-Est
Hashemite Kingdom of Jordan,Ajloun
Hashemite Kingdom of Jordan,Amman Governorate
Hashemite Kingdom of Jordan,Aqaba
Hashemite Kingdom of Jordan,Balqa
Hashemite Kingdom of Jordan,Irbid
Hashemite Kingdom of Jordan,Jerash
Hashemite Kingdom of Jordan,Karak
Hashemite Kingdom of Jordan,Maían
Hashemite Kingdom of Jordan,Madaba
Hashemite Kingdom of Jordan,Mafraq
Hashemite Kingdom of Jordan,Tafielah
Hashemite Kingdom of Jordan,Zarqa
Honduras,Bay Islands
Honduras,Departamento de Atlantida
Honduras,Departamento de Choluteca
Honduras,Departamento de Colon
Honduras,Departamento de Comayagua
Honduras,Departamento de Copan
Honduras,Departamento de Cortes
Honduras,Departamento de El Paraiso
Honduras,Departamento de Francisco Morazan
Honduras,Departamento de Gracias a Dios
Honduras,Departamento de Lempira
Honduras,Departamento de Olancho
Honduras,Departamento de Santa Barbara
Honduras,Departamento de Valle
Honduras,Departamento de Yoro
Hong Kong,Central and Western District
Hong Kong,Eastern
Hong Kong,Islands District
Hong Kong,Kowloon City
Hong Kong,Kwun Tong
Hong Kong,North
Hong Kong,Sham Shui Po
Hong Kong,Sha Tin
Hong Kong,Southern
Hong Kong,Tsuen Wan District
Hong Kong,Wanchai
Hong Kong,Wong Tai Sin
Hong Kong,Yau Tsim Mong
Hong Kong,Yuen Long District
Hungary,B·cs-Kiskun
Hungary,Baranya
Hungary,Bekes
Hungary,Borsod-Aba˙j-ZemplÈn
Hungary,Budapest
Hungary,Csongrad megye
Hungary,FejÈr
Hungary,Gy?r-Moson-Sopron
Hungary,Hajd˙-Bihar
Hungary,Heves megye
Hungary,J·sz-Nagykun-Szolnok
Hungary,Kom·rom-Esztergom
Hungary,Nograd megye
Hungary,Pest megye
Hungary,Somogy megye
Hungary,Szabolcs-Szatm·r-Bereg
Hungary,Tolna megye
Hungary,Vas
Hungary,Veszprem megye
Hungary,Zala
Iceland,Capital Region
Iceland,East
Iceland,Northeast
Iceland,Northwest
Iceland,South
Iceland,Southern Peninsula
Iceland,West
India,Andaman and Nicobar
India,Andhra Pradesh
India,Arunachal Pradesh
India,Assam
India,Bihar
India,Chandigarh
India,Chhattisgarh
India,Dadra and Nagar Haveli
India,Daman and Diu
India,Goa
India,Gujarat
India,Haryana
India,Himachal Pradesh
India,Jharkhand
India,Karnataka
India,Kashmir
India,Kerala
India,Laccadives
India,Madhya Pradesh
India,Maharashtra
India,Manipur
India,Meghalaya
India,Mizoram
India,Nagaland
India,National Capital Territory of Delhi
India,Odisha
India,Punjab
India,Rajasthan
India,Sikkim
India,Tamil Nadu
India,Telangana
India,Tripura
India,Union Territory of Puducherry
India,Uttarakhand
India,Uttar Pradesh
India,West Bengal
Indonesia,Aceh
Indonesia,Bali
Indonesia,BangkañBelitung Islands
Indonesia,Banten
Indonesia,Bengkulu
Indonesia,Central Java
Indonesia,Central Kalimantan
Indonesia,Central Sulawesi
Indonesia,East Java
Indonesia,East Kalimantan
Indonesia,East Nusa Tenggara
Indonesia,Gorontalo
Indonesia,Jakarta
Indonesia,Jambi
Indonesia,Lampung
Indonesia,Maluku
Indonesia,North Kalimantan
Indonesia,North Maluku
Indonesia,North Sulawesi
Indonesia,North Sumatra
Indonesia,Papua
Indonesia,Riau
Indonesia,Riau Islands
Indonesia,Southeast Sulawesi
Indonesia,South Kalimantan
Indonesia,South Sulawesi
Indonesia,South Sumatra
Indonesia,West Java
Indonesia,West Kalimantan
Indonesia,West Nusa Tenggara
Indonesia,West Papua
Indonesia,West Sulawesi
Indonesia,West Sumatra
Indonesia,Yogyakarta
Iran,Alborz
Iran,Bushehr
Iran,East Azerbaijan
Iran,Fars
Iran,Hormozgan
Iran,Isfahan
Iran,Kerman
Iran,Khuzestan
Iran,Markazi
Iran,M?zandar?n
Iran,Ostan-e Ardabil
Iran,Ostan-e Azarbayjan-e Gharbi
Iran,Ostan-e Gilan
Iran,Ostan-e Golestan
Iran,Ostan-e Hamadan
Iran,Ostan-e Ilam
Iran,Ostan-e Kermanshah
Iran,Ostan-e Khorasan-e Shomali
Iran,Ostan-e Kordestan
Iran,Ostan-e Qazvin
Iran,Ostan-e Tehran
Iran,Razavi Khorasan
Iran,Semn?n
Iran,Sistan and Baluchestan
Iran,Yazd
Iran,Zanjan
Iraq,Anbar
Iraq,An Najaf
Iraq,Baghdad
Iraq,Basra
Iraq,Kirkuk
Iraq,Maysan
Iraq,Muhafazat Arbil
Iraq,Muhafazat as Sulaymaniyah
Iraq,Muhafazat Babil
Iraq,Muhafazat Karbala
Iraq,Muhafazat Ninawa
Iraq,Muhafazat Wasit
Ireland,Connaught
Ireland,Leinster
Ireland,Munster
Ireland,Ulster
Israel,Central District
Israel,Haifa
Israel,Jerusalem
Israel,Northern District
Israel,Southern District
Israel,Tel Aviv
Italy,Abruzzo
Italy,Aosta Valley
Italy,Apulia
Italy,Basilicate
Italy,Calabria
Italy,Campania
Italy,Emilia-Romagna
Italy,Friuli Venezia Giulia
Italy,Latium
Italy,Liguria
Italy,Lombardy
Italy,Molise
Italy,Piedmont
Italy,Sardinia
Italy,Sicily
Italy,The Marches
Italy,Trentino-Alto Adige
Italy,Tuscany
Italy,Umbria
Italy,Veneto
Ivory Coast,Abidjan
Ivory Coast,Comoe
Ivory Coast,Sassandra-Marahoue
Jamaica,Clarendon
Jamaica,Kingston
Jamaica,Manchester
Jamaica,Parish of Saint Ann
Jamaica,Saint Andrew
Jamaica,Saint Catherine
Jamaica,Saint Elizabeth
Jamaica,Saint James
Jamaica,Saint Mary
Jamaica,Westmoreland
Japan,Aichi
Japan,Akita
Japan,Aomori
Japan,Chiba
Japan,Gifu
Japan,Gunma
Japan,Hiroshima
Japan,Hokkaido
Japan,Hy?go
Japan,Ehime
Japan,Fukui
Japan,Fukuoka
Japan,Fukushima-ken
Japan,Ibaraki
Japan,Ishikawa
Japan,Iwate
Japan,Kagawa
Japan,Kagoshima
Japan,Kanagawa
Japan,Kochi
Japan,Kumamoto
Japan,Kyoto
Japan,Mie
Japan,Miyagi
Japan,Miyazaki
Japan,Nagano
Japan,Nagasaki
Japan,Nara
Japan,Niigata
Japan,Oita
Japan,Okayama
Japan,Okinawa
Japan,?saka
Japan,Saga
Japan,Saitama
Japan,Shiga
Japan,Shimane
Japan,Shizuoka
Japan,Tochigi
Japan,Tokushima
Japan,Tokyo
Japan,Tottori
Japan,Toyama
Japan,Wakayama
Japan,Yamagata
Japan,Yamaguchi
Japan,Yamanashi
Kazakhstan,Almaty Oblysy
Kazakhstan,Almaty Qalasy
Kazakhstan,Aktyubinskaya Oblast
Kazakhstan,Aqmola Oblysy
Kazakhstan,Astana Qalasy
Kazakhstan,Atyrau Oblysy
Kazakhstan,East Kazakhstan
Kazakhstan,Mangistauskaya Oblast
Kazakhstan,North Kazakhstan
Kazakhstan,Pavlodar Oblysy
Kazakhstan,Qaraghandy Oblysy
Kazakhstan,Qostanay Oblysy
Kazakhstan,Qyzylorda Oblysy
Kazakhstan,South Kazakhstan
Kazakhstan,West Kazakhstan
Kazakhstan,Zhambyl Oblysy
Kenya,Bomet District
Kenya,Central Province
Kenya,Coast Province
Kenya,Eastern
Kenya,Garissa District
Kenya,Homa Bay District
Kenya,Kajiado District
Kenya,Kericho District
Kenya,Kiambu District
Kenya,Kisii District
Kenya,Kisumu
Kenya,Machakos District
Kenya,Mandera District
Kenya,Mombasa District
Kenya,Nairobi Province
Kenya,Nakuru District
Kenya,Narok District
Kenya,Nyanza Province
Kenya,Nyeri District
Kenya,Rift Valley Province
Kenya,Uasin Gishu
Kiribati,Gilbert Islands
Kuwait,Al A?mad?
Kuwait,Al Asimah
Kuwait,Al Farwaniyah
Kuwait,Hawalli
Kyrgyzstan,Batken
Kyrgyzstan,Chuyskaya Oblast
Kyrgyzstan,Gorod Bishkek
Kyrgyzstan,Issyk-Kul
Kyrgyzstan,Jalal-Abad oblast
Kyrgyzstan,Naryn oblast
Kyrgyzstan,Osh City
Kyrgyzstan,Osh Oblasty
Kyrgyzstan,Talas
Laos,Khammouan
Laos,Vientiane Prefecture
Latvia,?daûi
Latvia,Aizkraukles Rajons
Latvia,Aizpute
Latvia,Aloja
Latvia,Bab?te
Latvia,Balvu Novads
Latvia,Bauskas Novads
Latvia,Broc?ni
Latvia,Carnikava
Latvia,Cesu Novads
Latvia,Daugavpils
Latvia,Daugavpils municipality
Latvia,Dobeles Rajons
Latvia,Garkalne
Latvia,Grobi?a
Latvia,Gulbenes Rajons
Latvia,Ikö?ile
Latvia,In?ukalns
Latvia,J?kabpils Municipality
Latvia,Jelgava
Latvia,Jelgavas Rajons
Latvia,Jurmala
Latvia,Kandava
Latvia,?egums
Latvia,?ekava
Latvia,Kraslavas Rajons
Latvia,Krimulda
Latvia,Kuldigas Rajons
Latvia,Lecava
Latvia,Lielv?rde
Latvia,Liepaja
Latvia,Limbazu Rajons
Latvia,Ludzas Rajons
Latvia,M?rupe
Latvia,Mersraga Novads
Latvia,Ogre
Latvia,Olaine
Latvia,Ozolnieku Novads
Latvia,Preili Municipality
Latvia,Priekule
Latvia,Rezekne
Latvia,Rezeknes Novads
Latvia,Riga
Latvia,Rojas Novads
Latvia,Ropazu Novads
Latvia,Rugaju Novads
Latvia,Rujienas Novads
Latvia,Salacgrivas Novads
Latvia,Salaspils Novads
Latvia,Saldus Municipality
Latvia,Saulkrastu Novads
Latvia,Siguldas Novads
Latvia,Skrundas Novads
Latvia,Smiltenes Novads
Latvia,Stopinu Novads
Latvia,Talsi Municipality
Latvia,Tukuma Rajons
Latvia,Valka Municipality
Latvia,Valmiera District
Latvia,Varaklanu Novads
Latvia,Vecumnieku Novads
Latvia,Ventspils
Latvia,Ventspils Municipality
Latvia,Zilupes Novads
Lebanon,Beyrouth
Lebanon,Mohafazat Aakkar
Lebanon,Mohafazat Baalbek-Hermel
Lebanon,Mohafazat Beqaa
Lebanon,Mohafazat Liban-Nord
Lebanon,Mohafazat Mont-Liban
Lebanon,South Governorate
Lesotho,Leribe
Lesotho,Mafeteng District
Lesotho,Maseru
Liberia,Montserrado County
Liberia,Nimba County
Libya,Sha'biyat Banghazi
Libya,Sha'biyat Misratah
Libya,Sha`biyat Nalut
Libya,Sha'biyat Sabha
Libya,Tripoli
Liechtenstein,Balzers
Liechtenstein,Eschen
Liechtenstein,Gemeinde Gamprin
Liechtenstein,Mauren
Liechtenstein,Ruggell
Liechtenstein,Schaan
Liechtenstein,Schellenberg
Liechtenstein,Triesen
Liechtenstein,Triesenberg
Liechtenstein,Vaduz
Luxembourg,Capellen
Luxembourg,Clervaux
Luxembourg,Diekirch
Luxembourg,District de Luxembourg
Luxembourg,Echternach
Luxembourg,Esch-sur-Alzette
Luxembourg,Grevenmacher
Luxembourg,Luxembourg
Luxembourg,Mersch
Luxembourg,Redange
Luxembourg,Remich
Luxembourg,Vianden
Luxembourg,Wiltz
Macedonia,Berovo
Macedonia,Bitola
Macedonia,Bogdanci
Macedonia,Bogovinje
Macedonia,Debar
Macedonia,Demir Hisar
Macedonia,Gevgelija
Macedonia,Gostivar
Macedonia,Kavadarci
Macedonia,Kratovo
Macedonia,Kriva Palanka
Macedonia,Kumanovo
Macedonia,Makedonski Brod
Macedonia,Negotino
Macedonia,Novo Selo
Macedonia,Ohrid
Macedonia,Opstina Karpos
Macedonia,Opstina Kicevo
Macedonia,Opstina Kocani
Macedonia,Opstina Krusevo
Macedonia,Opstina Lipkovo
Macedonia,Opstina Probistip
Macedonia,Opstina Radovis
Macedonia,Opstina Sopiste
Macedonia,Opstina Stip
Macedonia,Opstina Vevcani
Macedonia,Opstina Vrapciste
Macedonia,Petrovec
Macedonia,Prilep
Macedonia,Struga
Macedonia,Strumica
Macedonia,Tetovo
Macedonia,Valandovo
Macedonia,Veles
Macedonia,Vinica
Malawi,Central Region
Malawi,Southern Region
Malaysia,Johor
Malaysia,Kedah
Malaysia,Kelantan
Malaysia,Kuala Lumpur
Malaysia,Labuan
Malaysia,Melaka
Malaysia,Negeri Sembilan
Malaysia,Pahang
Malaysia,Penang
Malaysia,Perak
Malaysia,Perlis
Malaysia,Putrajaya
Malaysia,Sabah
Malaysia,Sarawak
Malaysia,Selangor
Malaysia,Terengganu
Maldives,Kaafu Atoll
Maldives,Maale
Mali,Bamako Region
Marshall Islands,Majuro Atoll
Mauritania,District de Nouakchott
Mauritius,Black River District
Mauritius,Flacq District
Mauritius,Grand Port District
Mauritius,Moka District
Mauritius,Pamplemousses District
Mauritius,Plaines Wilhems District
Mauritius,Port Louis District
Mauritius,Riviere du Rempart District
Mauritius,Rodrigues
Mauritius,Savanne District
Mexico,Aguascalientes
Mexico,Baja California Sur
Mexico,Campeche
Mexico,Chiapas
Mexico,Chihuahua
Mexico,Coahuila
Mexico,Colima
Mexico,Durango
Mexico,Estado de Baja California
Mexico,Estado de Mexico
Mexico,Guanajuato
Mexico,Guerrero
Mexico,Hidalgo
Mexico,Jalisco
Mexico,Mexico City
Mexico,Michoac·n
Mexico,Morelos
Mexico,Nayarit
Mexico,Nuevo LeÛn
Mexico,Oaxaca
Mexico,Puebla
Mexico,QuerÈtaro
Mexico,Quintana Roo
Mexico,San Luis PotosÌ
Mexico,Sinaloa
Mexico,Sonora
Mexico,Tabasco
Mexico,Tamaulipas
Mexico,Tlaxcala
Mexico,Veracruz
Mexico,Yucat·n
Mexico,Zacatecas
Mongolia,Arhangay Aymag
Mongolia,Bayanhongor Aymag
Mongolia,Bayan-OElgiy Aymag
Mongolia,Central Aimak
Mongolia,East Gobi Aymag
Mongolia,Govi-Altay Aymag
Mongolia,Govi-Sumber
Mongolia,Hentiy Aymag
Mongolia,Hovd
Mongolia,Hovsgol Aymag
Mongolia,Middle Gov?
Mongolia,÷mnˆgov?
Mongolia,÷vˆrhangay
Mongolia,Selenge Aymag
Mongolia,Suhbaatar Aymag
Mongolia,Ulaanbaatar Hot
Montenegro,Bar
Montenegro,Berane
Montenegro,Bijelo Polje
Montenegro,Budva
Montenegro,Cetinje
Montenegro,Herceg Novi
Montenegro,Kotor
Montenegro,Opstina Niksic
Montenegro,Podgorica
Morocco,Beni Mellal-Khenifra
Morocco,Casablanca-Settat
Morocco,Dakhla-Oued Ed-Dahab
Morocco,Draa-Tafilalet
Morocco,Fes-Meknes
Morocco,Guelmim-Oued Noun
Morocco,Laayoune-Sakia El Hamra
Morocco,Marrakesh-Safi
Morocco,Oriental
Morocco,Rabat-Sale-Kenitra
Morocco,Region de Fes-Boulemane
Morocco,Souss-Massa
Morocco,Tanger-Tetouan-Al Hoceima
Morocco,Taza-Al Hoceima-Taounate
Mozambique,Cabo Delgado Province
Mozambique,Cidade de Maputo
Mozambique,Gaza Province
Mozambique,Inhambane Province
Mozambique,Manica Province
Mozambique,Maputo Province
Mozambique,Nampula
Mozambique,Niassa Province
Mozambique,Provincia de Zambezia
Mozambique,Sofala Province
Mozambique,Tete
Myanmar,Kayah State
Myanmar,Magway Region
Myanmar,Mandalay Region
Myanmar,Yangon Region
Namibia,Erongo
Namibia,Hardap
Namibia,Karas
Namibia,Khomas
Namibia,Omaheke
Namibia,Omusati
Namibia,Oshana
Namibia,Oshikoto
Namibia,Otjozondjupa
Namibia,Zambezi Region
Nauru,Anabar
Nepal,Central Region
Nepal,Eastern Region
Nepal,Far Western
Netherlands,Friesland
Netherlands,Groningen
Netherlands,Limburg
Netherlands,North Brabant
Netherlands,North Holland
Netherlands,Provincie Drenthe
Netherlands,Provincie Flevoland
Netherlands,Provincie Gelderland
Netherlands,Provincie Overijssel
Netherlands,Provincie Utrecht
Netherlands,Provincie Zeeland
Netherlands,South Holland
New Caledonia,North Province
New Caledonia,South Province
New Zealand,Auckland
New Zealand,Bay of Plenty
New Zealand,Canterbury
New Zealand,Chatham Islands
New Zealand,Gisborne
New Zealand,Hawke's Bay
New Zealand,Manawatu-Wanganui
New Zealand,Marlborough
New Zealand,Nelson
New Zealand,Northland
New Zealand,Otago
New Zealand,Southland
New Zealand,Taranaki
New Zealand,Tasman
New Zealand,Waikato
New Zealand,Wellington
New Zealand,West Coast
Nicaragua,Costa Caribe Sur
Nicaragua,Departamento de Boaco
Nicaragua,Departamento de Carazo
Nicaragua,Departamento de Chinandega
Nicaragua,Departamento de Chontales
Nicaragua,Departamento de Esteli
Nicaragua,Departamento de Jinotega
Nicaragua,Departamento de Granada
Nicaragua,Departamento de Leon
Nicaragua,Departamento de Managua
Nicaragua,Departamento de Masaya
Nicaragua,Departamento de Matagalpa
Nicaragua,Departamento de Nueva Segovia
Nicaragua,Departamento de Rivas
Niger,Niamey
Nigeria,Adamawa
Nigeria,Akwa Ibom State
Nigeria,Anambra
Nigeria,Bauchi
Nigeria,Bayelsa State
Nigeria,Benue State
Nigeria,Cross River State
Nigeria,Delta
Nigeria,Ebonyi State
Nigeria,Edo
Nigeria,Ekiti State
Nigeria,Enugu State
Nigeria,FCT
Nigeria,Gombe State
Nigeria,Imo State
Nigeria,Kaduna State
Nigeria,Kano State
Nigeria,Katsina State
Nigeria,Kebbi State
Nigeria,Kogi State
Nigeria,Kwara State
Nigeria,Lagos
Nigeria,Nasarawa State
Nigeria,Niger State
Nigeria,Ogun State
Nigeria,Ondo State
Nigeria,Osun State
Nigeria,Oyo State
Nigeria,Plateau State
Nigeria,Rivers State
Nigeria,Sokoto State
Nigeria,Taraba State
Nigeria,Yobe State
Nigeria,Zamfara State
North Korea,Chagang-do
North Korea,Pyongyang
Northern Mariana Islands,Saipan
Norway,Akershus
Norway,Buskerud
Norway,Finnmark
Norway,Hedmark
Norway,Hordaland Fylke
Norway,More og Romsdal fylke
Norway,Nordland Fylke
Norway,Nord-Trondelag Fylke
Norway,Oslo County
Norway,Oppland
Norway,Rogaland Fylke
Norway,Sogn og Fjordane Fylke
Norway,Sor-Trondelag Fylke
Norway,ÿstfold
Norway,Telemark
Norway,Troms Fylke
Norway,Vest-Agder Fylke
Norway,Vestfold
Oman,Ad Dakhiliyah
Oman,Al Batinah North Governorate
Oman,Dhofar
Oman,Muscat
Pakistan,Azad Kashmir
Pakistan,Balochistan
Pakistan,Federally Administered Tribal Areas
Pakistan,Gilgit-Baltistan
Pakistan,Islamabad Capital Territory
Pakistan,Khyber Pakhtunkhwa
Pakistan,Punjab
Pakistan,Sindh
Panama,Embera-Wounaan
Panama,Guna Yala
Panama,Ngoebe-Bugle
Panama,Panama Oeste
Panama,Provincia de Bocas del Toro
Panama,Provincia de Chiriqui
Panama,Provincia de Cocle
Panama,Provincia de Colon
Panama,Provincia del Darien
Panama,Provincia de Herrera
Panama,Provincia de Los Santos
Panama,Provincia de Panama
Panama,Provincia de Veraguas
Papua New Guinea,Bougainville
Papua New Guinea,Central Province
Papua New Guinea,Chimbu Province
Papua New Guinea,Eastern Highlands Province
Papua New Guinea,East New Britain Province
Papua New Guinea,East Sepik Province
Papua New Guinea,Enga Province
Papua New Guinea,Gulf Province
Papua New Guinea,Madang Province
Papua New Guinea,Manus Province
Papua New Guinea,Milne Bay Province
Papua New Guinea,National Capital
Papua New Guinea,New Ireland
Papua New Guinea,Northern Province
Papua New Guinea,Southern Highlands Province
Papua New Guinea,Western Highlands Province
Papua New Guinea,Western Province
Papua New Guinea,West New Britain Province
Papua New Guinea,West Sepik Province
Paraguay,Asuncion
Paraguay,Departamento Central
Paraguay,Departamento de Alto Paraguay
Paraguay,Departamento de Boqueron
Paraguay,Departamento de Caazapa
Paraguay,Departamento de Concepcion
Paraguay,Departamento de la Cordillera
Paraguay,Departamento de Itapua
Paraguay,Departamento de Misiones
Paraguay,Departamento de Presidente Hayes
Paraguay,Departamento del Alto Parana
Paraguay,Departamento del Amambay
Paraguay,Departamento del Guaira
Peru,Amazonas
Peru,Ancash
Peru,Apurimac
Peru,Arequipa
Peru,Ayacucho
Peru,Cajamarca
Peru,Callao
Peru,Cusco
Peru,Departamento de Moquegua
Peru,Huancavelica
Peru,Ica
Peru,Junin
Peru,La Libertad
Peru,Lambayeque
Peru,Lima
Peru,Lima region
Peru,Loreto
Peru,Pasco
Peru,Piura
Peru,Puno
Peru,Region de Huanuco
Peru,Region de San Martin
Peru,Tacna
Peru,Tumbes
Peru,Ucayali
Philippines,ARMM
Philippines,Bicol
Philippines,Cagayan Valley
Philippines,Calabarzon
Philippines,Caraga
Philippines,Central Luzon
Philippines,Central Visayas
Philippines,Cordillera
Philippines,Davao
Philippines,Eastern Visayas
Philippines,Ilocos
Philippines,Mimaropa
Philippines,National Capital Region
Philippines,Northern Mindanao
Philippines,Province of Negros Occidental
Philippines,Province of Negros Oriental
Philippines,Soccsksargen
Philippines,Western Visayas
Philippines,Zamboanga Peninsula
Poland,Greater Poland
Poland,Kujawsko-Pomorskie
Poland,Lesser Poland Voivodeship
Poland,?Ûd? Voivodeship
Poland,Lower Silesia
Poland,Lublin
Poland,Lubusz
Poland,Mazovia
Poland,Opole Voivodeship
Poland,Podlasie
Poland,Pomerania
Poland,Silesia
Poland,Subcarpathian Voivodeship
Poland,?wi?tokrzyskie
Poland,Warmia-Masuria
Poland,West Pomerania
Portugal,Aveiro
Portugal,Azores
Portugal,Beja
Portugal,Braga
Portugal,BraganÁa
Portugal,Castelo Branco
Portugal,Coimbra
Portugal,…vora
Portugal,Faro
Portugal,Guarda
Portugal,Leiria
Portugal,Lisbon
Portugal,Madeira
Portugal,Portalegre
Portugal,Porto
Portugal,SantarÈm
Portugal,Set˙bal
Portugal,Viana do Castelo
Portugal,Vila Real
Portugal,Viseu
Qatar,Al Wakrah
Qatar,Baladiyat ad Dawhah
Qatar,Baladiyat al Khawr wa adh Dhakhirah
Qatar,Baladiyat ar Rayyan
Qatar,Baladiyat ash Shamal
Qatar,Baladiyat az Za'ayin
Qatar,Baladiyat Umm Salal
Republic of Korea,Busan
Republic of Korea,Chungcheongnam-do
Republic of Korea,Daegu
Republic of Korea,Daejeon
Republic of Korea,Gangwon-do
Republic of Korea,Gwangju
Republic of Korea,Gyeonggi-do
Republic of Korea,Gyeongsangbuk-do
Republic of Korea,Gyeongsangnam-do
Republic of Korea,Incheon
Republic of Korea,Jeju-do
Republic of Korea,Jeollabuk-do
Republic of Korea,Jeollanam-do
Republic of Korea,North Chungcheong
Republic of Korea,Sejong-si
Republic of Korea,Seoul
Republic of Korea,Ulsan
Republic of Lithuania,Alytus
Republic of Lithuania,Kaunas
Republic of Lithuania,Klaip?da County
Republic of Lithuania,Marijampol? County
Republic of Lithuania,Panev?ûys
Republic of Lithuania,Siauliai
Republic of Lithuania,Taurag? County
Republic of Lithuania,Telsiai
Republic of Lithuania,Utena
Republic of Lithuania,Vilnius
Republic of Moldova,Anenii Noi
Republic of Moldova,Basarabeasca
Republic of Moldova,Bender Municipality
Republic of Moldova,Briceni
Republic of Moldova,Cahul
Republic of Moldova,Cantemir
Republic of Moldova,Chi?in?u Municipality
Republic of Moldova,Cimi?lia
Republic of Moldova,Criuleni
Republic of Moldova,Dondu?eni
Republic of Moldova,Drochia
Republic of Moldova,F?le?ti
Republic of Moldova,Flore?ti
Republic of Moldova,Gagauzia
Republic of Moldova,Glodeni
Republic of Moldova,HÓnce?ti
Republic of Moldova,Laloveni
Republic of Moldova,Municipiul Balti
Republic of Moldova,Nisporeni
Republic of Moldova,Orhei
Republic of Moldova,Raionul Calarasi
Republic of Moldova,Raionul Causeni
Republic of Moldova,Raionul Dubasari
Republic of Moldova,Raionul Edine?
Republic of Moldova,Raionul Ocni?a
Republic of Moldova,Raionul Soroca
Republic of Moldova,Raionul Stefan Voda
Republic of Moldova,Rezina
Republic of Moldova,RÓ?cani
Republic of Moldova,SÓngerei
Republic of Moldova,?old?ne?ti
Republic of Moldova,Str??eni
Republic of Moldova,Taraclia
Republic of Moldova,Telene?ti
Republic of Moldova,Ungheni
Republic of Moldova,Unitatea Teritoriala din Stinga Nistrului
Republic of the Congo,Brazzaville
Republic of the Congo,Pointe-Noire
Republic of the Congo,Sangha
Romania,Arad
Romania,Bihor
Romania,Bucuresti
Romania,Constanta
Romania,Covasna
Romania,Dolj
Romania,Giurgiu
Romania,Gorj
Romania,Harghita
Romania,Hunedoara
Romania,Ilfov
Romania,Judetul Alba
Romania,Judetul Arges
Romania,Judetul Bacau
Romania,Judetul Bistrita-Nasaud
Romania,Judetul Botosani
Romania,Judetul Braila
Romania,Judetul Brasov
Romania,Judetul Buzau
Romania,Judetul Calarasi
Romania,Judetul Caras-Severin
Romania,Judetul Cluj
Romania,Judetul Dambovita
Romania,Judetul Galati
Romania,Judetul Ialomita
Romania,Judetul Iasi
Romania,Judetul Mehedinti
Romania,Judetul Mures
Romania,Judetul Neamt
Romania,Judetul Salaj
Romania,Judetul Sibiu
Romania,Judetul Timis
Romania,Judetul Valcea
Romania,Maramure?
Romania,Olt
Romania,Prahova
Romania,Satu Mare
Romania,Suceava
Romania,Teleorman
Romania,Tulcea
Romania,Vaslui
Romania,Vrancea
Russia,Altai
Russia,Altai Krai
Russia,Amurskaya Oblast
Russia,Arkhangelskaya
Russia,Astrakhanskaya Oblast
Russia,Bashkortostan
Russia,Belgorodskaya Oblast
Russia,Bryanskaya Oblast
Russia,Chechnya
Russia,Chelyabinsk
Russia,Chukot
Russia,Chukotka
Russia,Chuvashia
Russia,Dagestan
Russia,Irkutskaya Oblast
Russia,Ivanovskaya Oblast
Russia,Jewish Autonomous Oblast
Russia,Kabardino-Balkarskaya Respublika
Russia,Kaliningradskaya Oblast
Russia,Kalmykiya
Russia,Kaluzhskaya Oblast
Russia,Kamtchatski Kray
Russia,Karachayevo-Cherkesiya
Russia,Karelia
Russia,Kemerovskaya Oblast
Russia,Khabarovsk
Russia,Khanty-Mansia
Russia,Kirovskaya Oblast
Russia,Komi
Russia,Kostromskaya Oblast
Russia,Krasnodarskiy Kray
Russia,Krasnoyarskiy Kray
Russia,Kurganskaya Oblast
Russia,Kurskaya Oblast
Russia,Leningradskaya Oblast
Russia,Lipetskaya Oblast
Russia,Magadanskaya Oblast
Russia,Moscow
Russia,Moscow Oblast
Russia,Murmansk
Russia,Nenets
Russia,Nizhegorodskaya Oblast
Russia,North Ossetia
Russia,Novgorodskaya Oblast
Russia,Novosibirskaya Oblast
Russia,Omskaya Oblast
Russia,Orenburgskaya Oblast
Russia,Orlovskaya Oblast
Russia,Penzenskaya Oblast
Russia,Perm Krai
Russia,Primorskiy Kray
Russia,Pskovskaya Oblast
Russia,Republic of Tyva
Russia,Respublika Adygeya
Russia,Respublika Buryatiya
Russia,Respublika Ingushetiya
Russia,Respublika Khakasiya
Russia,Respublika Mariy-El
Russia,Respublika Mordoviya
Russia,Rostov
Russia,Ryazanskaya Oblast
Russia,Sakhalinskaya Oblast
Russia,Samarskaya Oblast
Russia,Saratovskaya Oblast
Russia,Smolenskaya Oblast
Russia,Stavropol'skiy Kray
Russia,St.-Petersburg
Russia,Sverdlovskaya Oblast
Russia,Tambovskaya Oblast
Russia,Tatarstan
Russia,Tomskaya Oblast
Russia,Transbaikal Territory
Russia,Tul'skaya Oblast
Russia,Tverskaya Oblast
Russia,Tyumenskaya Oblast
Russia,Udmurtskaya Respublika
Russia,Ulyanovsk Oblast
Russia,Vladimirskaya Oblast
Russia,Volgogradskaya Oblast
Russia,Vologodskaya Oblast
Russia,Voronezhskaya Oblast
Russia,Yamalo-Nenets
Russia,Yaroslavskaya Oblast
Rwanda,Kigali
Saint Helena,Tristan da Cunha
Saint Kitts and Nevis,Saint George Basseterre
Saint Kitts and Nevis,Saint Mary Cayon
Saint Kitts and Nevis,Saint Paul Charlestown
Saint Lucia,Anse-la-Raye
Saint Lucia,Castries
Saint Lucia,Choiseul
Saint Lucia,Dennery
Saint Lucia,Gros-Islet
Saint Lucia,Laborie
Saint Lucia,Micoud
Saint Lucia,Soufriere
Saint Lucia,Vieux-Fort
Saint Pierre and Miquelon,Commune de Saint-Pierre
Saint Pierre and Miquelon,Miquelon-Langlade
Saint Vincent and the Grenadines,Grenadines
Saint Vincent and the Grenadines,Parish of Charlotte
Saint Vincent and the Grenadines,Parish of Saint George
Samoa,Tuamasaga
San Marino,Castello di Acquaviva
San Marino,Castello di Domagnano
San Marino,Castello di Faetano
San Marino,Castello di San Marino Citta
San Marino,Serravalle
S„o TomÈ and PrÌncipe,Principe
S„o TomÈ and PrÌncipe,S„o TomÈ Island
Saudi Arabia,Al Bahah
Saudi Arabia,Al Jawf
Saudi Arabia,Al Madinah al Munawwarah
Saudi Arabia,Ar Riy??
Saudi Arabia,Al-Qassim
Saudi Arabia,Asir
Saudi Arabia,Eastern Province
Saudi Arabia,Hai'l Region
Saudi Arabia,Jizan
Saudi Arabia,Makkah Province
Saudi Arabia,Najran
Saudi Arabia,Northern Borders
Saudi Arabia,Tabuk
Senegal,Dakar
Senegal,Fatick
Senegal,Kolda
Senegal,Louga
Senegal,Region de Kaffrine
Senegal,Region de Kedougou
Senegal,Region de Sedhiou
Senegal,Tambacounda
Serbia,Belgrade
Serbia,Bor
Serbia,Branicevo
Serbia,Danube
Serbia,Jablanica
Serbia,Kolubara
Serbia,Macva
Serbia,Morava
Serbia,Nisava
Serbia,Pcinja
Serbia,Pirot
Serbia,Pomoravlje
Serbia,Rasina
Serbia,Raska
Serbia,Sumadija
Serbia,Toplica
Serbia,Vojvodina
Serbia,Zajecar
Serbia,Zlatibor
Seychelles,Bel Ombre
Seychelles,English River
Seychelles,Takamaka
Sierra Leone,Western Area
Singapore,Central Singapore Community Development Council
Singapore,North East Community Development Region
Singapore,North West Community Development Council
Slovak Republic,Banska Bystrica
Slovak Republic,Bratislava
Slovak Republic,Kosice
Slovak Republic,Nitra
Slovak Republic,Presov
Slovak Republic,Trencin
Slovak Republic,Trnava
Slovak Republic,Zilina
Slovenia,Kranj
Slovenia,Obcina Hoce-Slivnica
Slovenia,Obcina Ivancna Gorica
Slovenia,Obcina Lasko
Slovenia,Obcina Zalec
Slovenia,Obcina Zelezniki
Slovenia,Obcina Zirovnica
Slovenia,Obcina Zuzemberk
Slovenia,Slovenska Bistrica
Slovenia,Zagorje ob Savi
Solomon Islands,Guadalcanal Province
Somalia,Banaadir
Somalia,Gedo
Somalia,Woqooyi Galbeed
South Africa,Eastern Cape
South Africa,Gauteng
South Africa,KwaZulu-Natal
South Africa,Limpopo
South Africa,Mpumalanga
South Africa,Northern Cape
South Africa,Orange Free State
South Africa,Province of North West
South Africa,Western Cape
South Sudan,Central Equatoria
Sri Lanka,Central Province
Sri Lanka,Eastern Province
Sri Lanka,Northern Province
Sri Lanka,North Central Province
Sri Lanka,North Western Province
Sri Lanka,Province of Sabaragamuwa
Sri Lanka,Southern Province
Sri Lanka,Western Province
Sudan,Khartoum
Sudan,Southern Kordofan
Suriname,Distrikt Brokopondo
Suriname,Distrikt Commewijne
Suriname,Distrikt Coronie
Suriname,Distrikt Marowijne
Suriname,Distrikt Nickerie
Suriname,Distrikt Para
Suriname,Distrikt Paramaribo
Suriname,Distrikt Saramacca
Suriname,Distrikt Sipaliwini
Suriname,Distrikt Wanica
Svalbard and Jan Mayen,Jan Mayen
Svalbard and Jan Mayen,Svalbard
Swaziland,Hhohho District
Swaziland,Manzini District
Sweden,Blekinge
Sweden,Dalarna
Sweden,G‰vleborg
Sweden,Gotland
Sweden,Halland
Sweden,J‰mtland
Sweden,Jˆnkˆping
Sweden,Kalmar
Sweden,Kronoberg
Sweden,Norrbotten
Sweden,÷rebro
Sweden,÷stergˆtland
Sweden,SkÂne
Sweden,Sˆdermanland
Sweden,Stockholm
Sweden,Uppsala
Sweden,V‰rmland
Sweden,V‰sterbotten
Sweden,V‰sternorrland
Sweden,V‰stmanland
Sweden,V‰stra Gˆtaland
Switzerland,Aargau
Switzerland,Appenzell Ausserrhoden
Switzerland,Appenzell Innerrhoden
Switzerland,Basel-City
Switzerland,Basel-Landschaft
Switzerland,Bern
Switzerland,Fribourg
Switzerland,Geneva
Switzerland,Glarus
Switzerland,Grisons
Switzerland,Jura
Switzerland,Lucerne
Switzerland,Neuch‚tel
Switzerland,Nidwalden
Switzerland,Obwalden
Switzerland,Saint Gallen
Switzerland,Schaffhausen
Switzerland,Schwyz
Switzerland,Solothurn
Switzerland,Thurgau
Switzerland,Ticino
Switzerland,Uri
Switzerland,Valais
Switzerland,Vaud
Switzerland,Zug
Switzerland,Zurich
Syria,Aleppo Governorate
Syria,As-Suwayda Governorate
Syria,Damascus Governorate
Syria,Hama Governorate
Syria,Latakia Governorate
Taiwan,Changhua
Taiwan,Chiayi
Taiwan,Chiayi County
Taiwan,Hsinchu
Taiwan,Hsinchu County
Taiwan,Hualien
Taiwan,Kaohsiung
Taiwan,Keelung
Taiwan,Nantou
Taiwan,New Taipei
Taiwan,Miaoli
Taiwan,Penghu
Taiwan,Pingtung
Taiwan,Taichung City
Taiwan,Tainan
Taiwan,Taipei City
Taiwan,Taitung
Taiwan,Taoyuan
Taiwan,Yilan
Taiwan,Yunlin County
Tajikistan,Dushanbe
Tajikistan,Gorno-Badakhshan
Tajikistan,Viloyati Sughd
Tanzania,Arusha
Tanzania,Dar es Salaam Region
Tanzania,Dodoma
Tanzania,Iringa
Tanzania,Kagera
Tanzania,Kigoma
Tanzania,Kilimanjaro
Tanzania,Lindi
Tanzania,Manyara
Tanzania,Mara
Tanzania,Mbeya
Tanzania,Morogoro
Tanzania,Mtwara
Tanzania,Mwanza
Tanzania,Pemba North
Tanzania,Pemba South
Tanzania,Pwani
Tanzania,Rukwa
Tanzania,Ruvuma
Tanzania,Shinyanga
Tanzania,Singida
Tanzania,Tabora
Tanzania,Tanga
Tanzania,Zanzibar Central/South
Tanzania,Zanzibar North
Tanzania,Zanzibar Urban/West
Togo,Maritime
Tokelau,Nukunonu
Tonga,Tongatapu
Tonga,Vava'u
Trinidad and Tobago,Borough of Arima
Trinidad and Tobago,Chaguanas
Trinidad and Tobago,City of Port of Spain
Trinidad and Tobago,City of San Fernando
Trinidad and Tobago,Couva-Tabaquite-Talparo
Trinidad and Tobago,Diego Martin
Trinidad and Tobago,Eastern Tobago
Trinidad and Tobago,Mayaro
Trinidad and Tobago,Penal/Debe
Trinidad and Tobago,Point Fortin
Trinidad and Tobago,Princes Town
Trinidad and Tobago,Sangre Grande
Trinidad and Tobago,San Juan/Laventille
Trinidad and Tobago,Siparia
Trinidad and Tobago,Tobago
Trinidad and Tobago,Tunapuna/Piarco
Tunisia,Gafsa
Tunisia,Gouvernorat de Beja
Tunisia,Gouvernorat de Ben Arous
Tunisia,Gouvernorat de Bizerte
Tunisia,Gouvernorat de Gabes
Tunisia,Gouvernorat de l'Ariana
Tunisia,Gouvernorat de Jendouba
Tunisia,Gouvernorat de Kairouan
Tunisia,Gouvernorat de Kasserine
Tunisia,Gouvernorat de Kef
Tunisia,Gouvernorat de Mahdia
Tunisia,Gouvernorat de Monastir
Tunisia,Gouvernorat de Nabeul
Tunisia,Gouvernorat de Sfax
Tunisia,Gouvernorat de Sidi Bouzid
Tunisia,Gouvernorat de Siliana
Tunisia,Gouvernorat de Sousse
Tunisia,Gouvernorat de Tozeur
Tunisia,Gouvernorat de Tunis
Tunisia,Gouvernorat de Zaghouan
Tunisia,Manouba
Tunisia,Tataouine
Turkey,Adana
Turkey,Adiyaman
Turkey,Afyonkarahisar
Turkey,A?r?
Turkey,Aksaray
Turkey,Amasya
Turkey,Ankara
Turkey,Antalya
Turkey,Ardahan
Turkey,Artvin
Turkey,Ayd?n
Turkey,Bal?kesir
Turkey,Bart?n
Turkey,Batman
Turkey,Bayburt
Turkey,Bilecik
Turkey,Bingˆl
Turkey,Bitlis
Turkey,Bolu
Turkey,Burdur
Turkey,Bursa
Turkey,Canakkale
Turkey,«ank?r?
Turkey,«orum
Turkey,Denizli
Turkey,Diyarbakir
Turkey,Duezce
Turkey,Edirne
Turkey,Elaz??
Turkey,Erzincan
Turkey,Erzurum
Turkey,Eski?ehir
Turkey,Gaziantep
Turkey,Giresun
Turkey,Guemueshane
Turkey,Hakk‚ri
Turkey,Hatay
Turkey,I?d?r
Turkey,Isparta
Turkey,Istanbul
Turkey,Izmir
Turkey,Kahramanmara?
Turkey,Karabuek
Turkey,Karaman
Turkey,Kars
Turkey,Kastamonu
Turkey,Kayseri
Turkey,Kilis
Turkey,K?r?kkale
Turkey,K?rklareli
Turkey,K?r?ehir
Turkey,Kocaeli
Turkey,Konya
Turkey,K¸tahya
Turkey,Malatya
Turkey,Manisa
Turkey,Mardin
Turkey,Mersin
Turkey,Mu?la
Turkey,Mu?
Turkey,Nevsehir
Turkey,Nigde
Turkey,Ordu
Turkey,Osmaniye
Turkey,Rize
Turkey,Sakarya
Turkey,Samsun
Turkey,?anl?urfa
Turkey,Siirt
Turkey,Sinop
Turkey,??rnak
Turkey,Sivas
Turkey,Tekirda?
Turkey,Tokat
Turkey,Trabzon
Turkey,Tunceli
Turkey,U?ak
Turkey,Van
Turkey,Yalova
Turkey,Yozgat
Turkey,Zonguldak
Turkmenistan,Ahal
Turkmenistan,Lebap
Tuvalu,Funafuti
Tuvalu,Vaitupu
Uganda,Central Region
Ukraine,Cherkas'ka Oblast
Ukraine,Chernihiv
Ukraine,Chernivtsi
Ukraine,Dnipropetrovska Oblast
Ukraine,Donets'ka Oblast
Ukraine,Gorod Sevastopol
Ukraine,Ivano-Frankivs'ka Oblast
Ukraine,Kharkivs'ka Oblast
Ukraine,Khersons'ka Oblast
Ukraine,Khmel'nyts'ka Oblast
Ukraine,Kirovohrads'ka Oblast
Ukraine,Kyiv City
Ukraine,Kyiv Oblast
Ukraine,Luhans'ka Oblast
Ukraine,L'vivs'ka Oblast
Ukraine,Mykolayivs'ka Oblast
Ukraine,Odessa
Ukraine,Poltavs'ka Oblast
Ukraine,Republic of Crimea
Ukraine,Rivnens'ka Oblast
Ukraine,Sums'ka Oblast
Ukraine,Ternopil's'ka Oblast
Ukraine,Transcarpathia
Ukraine,Vinnyts'ka Oblast
Ukraine,Volyns'ka Oblast
Ukraine,Zaporizhia
Ukraine,Zhytomyrs'ka Oblast
United Arab Emirates,Abu Dhabi
United Arab Emirates,Ajman
United Arab Emirates,Al Fujayrah
United Arab Emirates,Ash Shariqah
United Arab Emirates,Dubai
United Arab Emirates,Ra's al Khaymah
United Kingdom,England
United Kingdom,Northern Ireland
United Kingdom,Scotland
United Kingdom,Wales
United States,Alabama
United States,Alaska
United States,Arizona
United States,Arkansas
United States,California
United States,Colorado
United States,Connecticut
United States,Delaware
United States,District of Columbia
United States,Florida
United States,Georgia
United States,Hawaii
United States,Idaho
United States,Illinois
United States,Indiana
United States,Kansas
United States,Kentucky
United States,Louisiana
United States,Iowa
United States,Maine
United States,Maryland
United States,Massachusetts
United States,Michigan
United States,Minnesota
United States,Mississippi
United States,Missouri
United States,Montana
United States,Nebraska
United States,Nevada
United States,New Hampshire
United States,New Jersey
United States,New Mexico
United States,New York
United States,North Carolina
United States,North Dakota
United States,Ohio
United States,Oklahoma
United States,Oregon
United States,Pennsylvania
United States,Rhode Island
United States,South Carolina
United States,South Dakota
United States,Tennessee
United States,Texas
United States,Utah
United States,Vermont
United States,Virginia
United States,Washington
United States,West Virginia
United States,Wisconsin
United States,Wyoming
Uruguay,Artigas
Uruguay,Canelones
Uruguay,Cerro Largo
Uruguay,Colonia
Uruguay,Florida
Uruguay,Lavalleja
Uruguay,Maldonado
Uruguay,Departamento de Montevideo
Uruguay,Departamento de Rio Negro
Uruguay,Departamento de Rivera
Uruguay,Departamento de Rocha
Uruguay,Departamento de Salto
Uruguay,Departamento de San Jose
Uruguay,Departamento de Tacuarembo
Uruguay,Soriano
U.S. Virgin Islands,Saint Croix Island
U.S. Virgin Islands,Saint John Island
Uzbekistan,Qashqadaryo
Uzbekistan,Samarqand Viloyati
Uzbekistan,Toshkent Shahri
Vanuatu,Penama Province
Vanuatu,Shefa Province
Venezuela,Anzo·tegui
Venezuela,Apure
Venezuela,Aragua
Venezuela,Barinas
Venezuela,BolÌvar
Venezuela,Capital
Venezuela,Carabobo
Venezuela,Cojedes
Venezuela,Delta Amacuro
Venezuela,Dependencias Federales
Venezuela,Estado Trujillo
Venezuela,FalcÛn
Venezuela,Gu·rico
Venezuela,Lara
Venezuela,MÈrida
Venezuela,Miranda
Venezuela,Monagas
Venezuela,Nueva Esparta
Venezuela,Portuguesa
Venezuela,Sucre
Venezuela,T·chira
Venezuela,Vargas
Venezuela,Yaracuy
Venezuela,Zulia
Wallis and Futuna,Uvea
Yemen,Aden
Yemen,Al Hudaydah
Yemen,Dham?r
Yemen,Ibb
Yemen,Muhafazat Hadramawt
Yemen,Sanaa
Zambia,Copperbelt
Zambia,Eastern Province
Zambia,Luapula Province
Zambia,Lusaka Province
Zambia,Muchinga
Zambia,Northern Province
Zambia,North-Western Province
Zambia,Southern Province
Zambia,Western Province
Zimbabwe,Bulawayo
Zimbabwe,Harare
Zimbabwe,Mashonaland West
Zimbabwe,Matabeleland North
Zimbabwe,Matabeleland South Province
Zimbabwe,Midlands Province
